PLAYER;TEAM;AGE;GP;G;FREQ;FGM;FGA;FG%;EFG%;2FG FREQ;2FGM;2FGA;2FG%;3FG FREQ;3PM;3PA;3P%;NONE
Luka Doncic;DAL;24;45;45;100;11.6;23.7;49.1;57.5;56.1;7.7;13.3;57.8;43.9;4.0;10.4;38.1;
Joel Embiid;PHI;29;34;34;100;11.8;22.2;53.3;56.0;85.1;10.6;18.9;56.3;14.9;1.2;3.3;36.8;
Donovan Mitchell;CLE;27;42;42;100;9.9;20.9;47.5;55.5;56.1;6.6;11.7;56.5;43.9;3.3;9.2;36.1;
De'Aaron Fox;SAC;26;46;46;100;9.4;20.3;46.5;53.6;62.0;6.5;12.6;51.9;38.0;2.9;7.7;37.5;
Jalen Brunson;NYK;27;50;50;100;9.7;20.1;48.4;54.9;68.0;7.1;13.7;52.0;32.0;2.6;6.4;40.7;
Shai Gilgeous-Alexander;OKC;25;52;52;100;10.9;20.0;54.8;57.8;83.3;9.7;16.6;58.4;16.7;1.2;3.4;36.7;
Tyrese Maxey;PHI;23;47;47;100;8.9;19.8;44.8;52.6;59.0;5.8;11.7;49.6;41.0;3.1;8.1;38.1;
Kyrie Irving;DAL;31;31;31;100;9.4;19.6;48.3;55.7;64.4;6.5;12.6;51.9;35.6;2.9;7.0;41.6;
Trae Young;ATL;25;48;48;100;8.5;19.6;43.3;52.0;54.3;5.1;10.6;47.8;45.7;3.4;8.9;38.0;
Devin Booker;PHX;27;42;42;100;9.8;19.5;50.2;56.1;69.4;7.5;13.5;55.5;30.6;2.3;6.0;38.5;
Jayson Tatum;BOS;25;50;50;100;9.2;19.4;47.4;55.3;56.7;6.2;11.0;56.0;43.3;3.0;8.4;36.2;
LaMelo Ball;CHA;22;22;22;100;8.3;19.2;43.3;51.5;53.4;5.1;10.3;50.0;46.6;3.2;8.9;35.5;
Anthony Edwards;MIN;22;49;49;100;8.9;19.2;46.5;53.2;65.8;6.3;12.6;50.4;34.2;2.6;6.5;39.2;
Kevin Durant;PHX;35;46;46;100;10.3;19.1;53.6;59.5;73.2;8.0;14.0;56.9;26.8;2.3;5.1;44.4;
Stephen Curry;GSW;35;47;47;100;8.8;19.0;46.3;59.0;39.9;4.0;7.6;52.4;60.1;4.8;11.4;42.3;
Giannis Antetokounmpo;MIL;29;51;51;100;11.5;18.9;60.8;62.0;90.5;11.0;17.1;64.6;9.5;0.5;1.8;25.0;
Ja Morant;MEM;24;9;9;100;8.9;18.9;47.1;51.2;70.0;7.3;13.2;55.4;30.0;1.6;5.7;27.5;
Desmond Bane;MEM;25;37;37;100;8.9;18.8;47.4;56.3;54.0;5.6;10.2;55.0;46.0;3.3;8.7;38.4;
Kyle Kuzma;WAS;28;51;51;100;8.5;18.7;45.6;51.7;63.3;6.2;11.8;52.8;36.7;2.3;6.8;33.2;
Cade Cunningham;DET;22;42;42;100;8.3;18.6;44.8;49.6;71.7;6.5;13.3;49.1;28.3;1.8;5.3;34.0;
Anfernee Simons;POR;24;29;29;100;8.1;18.3;44.2;53.5;52.1;4.7;9.6;49.1;47.9;3.4;8.8;38.8;
Tyler Herro;MIA;24;32;33;100;8.0;18.1;44.3;53.7;54.3;4.6;9.8;47.1;45.7;3.4;8.3;41.2;
Julius Randle;NYK;29;46;46;100;8.5;18.0;47.3;51.9;70.6;6.8;12.7;53.9;29.4;1.6;5.3;31.2;
Miles Bridges;CHA;25;41;41;100;8.2;17.8;46.4;53.3;62.8;5.8;11.2;51.7;37.2;2.5;6.6;37.2;
Paolo Banchero;ORL;21;53;53;100;8.1;17.8;45.3;49.5;76.6;6.6;13.6;48.2;23.4;1.5;4.2;35.9;
Dejounte Murray;ATL;27;50;50;100;8.2;17.6;46.6;53.1;64.7;5.9;11.4;51.8;35.3;2.3;6.2;37.0;
LeBron James;LAL;39;47;47;100;9.1;17.6;51.5;57.3;69.9;7.0;12.3;57.2;30.1;2.0;5.3;38.1;
Nikola Jokic;DEN;28;50;50;100;10.2;17.5;58.0;61.0;83.3;9.1;14.6;62.5;16.7;1.0;2.9;35.6;
Damian Lillard;MIL;33;48;48;100;7.4;17.4;42.6;51.1;51.1;4.5;8.9;50.3;48.9;2.9;8.5;34.6;
Cam Thomas;BKN;22;42;42;100;7.7;17.4;44.3;50.1;68.2;5.7;11.8;47.9;31.8;2.0;5.5;36.6;
Jaylen Brown;BOS;27;49;49;100;8.6;17.3;49.5;55.2;67.1;6.6;11.6;56.9;32.9;2.0;5.7;34.6;
Jaren Jackson Jr.;MEM;24;49;49;100;7.7;17.2;44.8;50.1;67.4;5.9;11.6;50.9;32.6;1.8;5.6;32.4;
Paul George;LAC;33;48;48;100;7.8;17.0;45.6;55.2;51.7;4.5;8.8;51.1;48.3;3.3;8.2;39.7;
Terry Rozier;MIA;29;40;40;100;7.5;16.9;44.0;51.0;58.8;5.1;9.9;51.3;41.2;2.4;7.0;33.7;
Mikal Bridges;BKN;27;51;51;100;7.7;16.9;45.3;53.0;58.9;5.1;10.0;50.8;41.1;2.6;7.0;37.5;
Kawhi Leonard;LAC;32;47;47;100;8.9;16.9;52.5;59.3;69.8;6.6;11.8;55.7;30.2;2.3;5.1;45.0;
Anthony Davis;LAL;30;49;49;100;9.4;16.8;55.8;56.9;93.3;9.0;15.7;57.6;6.7;0.3;1.1;31.2;
Jamal Murray;DEN;26;38;38;100;7.8;16.7;46.8;54.0;64.1;5.4;10.7;50.3;35.9;2.4;6.0;40.5;
DeMar DeRozan;CHI;34;51;51;100;7.8;16.6;46.8;49.6;83.0;6.8;13.8;49.3;17.0;1.0;2.8;34.0;
Brandon Ingram;NOP;26;48;48;100;8.2;16.6;49.4;53.6;76.5;6.8;12.7;53.3;23.5;1.4;3.9;36.4;
Franz Wagner;ORL;22;45;45;100;7.9;16.4;48.0;53.1;68.5;6.2;11.2;55.3;31.5;1.7;5.2;32.4;
Jerami Grant;POR;29;45;45;100;7.4;16.1;46.1;52.6;68.0;5.3;11.0;48.6;32.0;2.1;5.2;40.5;
Lauri Markkanen;UTA;26;43;43;100;8.0;16.0;50.1;60.3;49.9;4.8;8.0;59.8;50.1;3.3;8.0;40.6;
Victor Wembanyama;SAS;20;47;47;100;7.4;16.0;46.3;51.2;69.4;5.8;11.1;52.8;30.6;1.6;4.9;31.7;
Tyrese Haliburton;IND;23;41;41;100;7.9;15.9;49.6;59.4;50.5;4.8;8.0;59.4;49.5;3.1;7.8;39.7;
Pascal Siakam;IND;29;52;52;100;8.5;15.9;53.5;57.3;77.6;7.3;12.3;59.1;22.4;1.2;3.6;34.0;
Nikola Vucevic;CHI;33;48;48;100;7.5;15.8;47.6;51.2;73.6;6.3;11.6;54.7;26.4;1.1;4.2;27.6;
Karl-Anthony Towns;MIN;28;51;51;100;8.1;15.7;51.6;58.9;66.7;5.8;10.5;55.2;33.3;2.3;5.2;44.1;
Scottie Barnes;TOR;22;53;53;100;7.4;15.6;47.5;53.4;67.3;5.6;10.5;53.2;32.7;1.8;5.1;35.8;
Alperen Sengun;HOU;21;51;51;100;8.4;15.6;54.0;55.7;87.8;7.9;13.7;57.4;12.2;0.6;1.9;28.9;
Jalen Green;HOU;22;52;52;100;6.3;15.2;41.5;48.4;56.8;4.3;8.7;49.1;43.2;2.1;6.6;31.6;
Zion Williamson;NOP;23;41;41;100;8.8;15.1;58.5;58.8;98.2;8.7;14.8;58.9;1.8;0.1;0.3;37.0;
Coby White;CHI;23;53;53;100;6.9;15.0;45.9;55.3;52.1;4.1;7.8;51.9;47.9;2.8;7.2;39.4;
Bojan Bogdanovic;NYK;34;29;29;100;7.0;15.0;46.4;56.6;51.0;3.9;7.7;51.3;49.0;3.0;7.3;41.3;
Zach LaVine;CHI;28;25;25;100;6.8;15.0;45.3;53.2;54.9;4.4;8.2;53.9;45.1;2.4;6.8;34.9;
Bam Adebayo;MIA;26;42;42;100;7.5;14.9;50.3;50.4;98.2;7.5;14.7;51.1;1.8;0.0;0.3;7.7;
Jordan Clarkson;UTA;31;43;43;100;6.2;14.9;41.5;47.0;62.4;4.6;9.3;49.0;37.6;1.6;5.6;29.1;
Devin Vassell;SAS;23;48;48;100;7.0;14.9;46.8;55.0;54.6;4.5;8.1;55.4;45.4;2.5;6.8;36.4;
CJ McCollum;NOP;32;38;38;100;7.0;14.8;46.9;58.6;45.1;3.5;6.7;51.9;54.9;3.5;8.1;42.7;
Bradley Beal;PHX;30;28;29;100;7.1;14.6;48.5;54.1;68.5;5.5;10.0;54.4;31.5;1.6;4.6;35.6;
RJ Barrett;TOR;23;43;43;100;6.9;14.6;47.2;52.6;69.5;5.3;10.1;52.6;30.5;1.6;4.4;35.1;
Darius Garland;CLE;24;27;27;100;6.7;14.3;47.0;52.6;66.0;5.1;9.4;54.3;34.0;1.6;4.8;32.8;
Tim Hardaway Jr.;DAL;31;50;49;100;5.9;14.1;41.6;52.8;39.0;2.7;5.5;49.3;61.0;3.2;8.6;36.7
Jordan Poole;WAS;24;50;50;100;5.7;14.0;40.5;47.2;54.8;3.8;7.7;49.1;45.2;1.9;6.3;30.0
Bogdan Bogdanovic;ATL;31;51;51;100;6.0;14.0;42.7;53.6;40.3;2.9;5.7;51.3;59.7;3.1;8.4;36.8
Brandon Miller;CHA;21;46;46;100;6.2;14.0;44.4;52.6;57.0;3.9;8.0;48.9;43.0;2.3;6.0;38.3
Klay Thompson;GSW;34;47;47;100;5.8;13.9;41.6;52.8;40.0;2.6;5.5;47.6;60.0;3.1;8.3;37.6
Jalen Williams;OKC;22;47;47;100;7.4;13.7;54.1;59.5;76.2;5.9;10.4;57.0;23.8;1.5;3.3;45.1
Shaedon Sharpe;POR;20;32;32;100;5.5;13.6;40.6;47.5;58.5;3.6;7.9;45.7;41.5;1.9;5.6;33.4
D'Angelo Russell;LAL;27;48;48;100;6.3;13.5;46.5;56.2;53.1;3.6;7.2;50.8;46.9;2.6;6.3;41.7
Fred VanVleet;HOU;29;47;47;100;5.5;13.5;40.9;51.6;43.0;2.6;5.8;45.6;57.0;2.9;7.7;37.4
Jimmy Butler;MIA;34;37;37;100;6.7;13.3;50.0;53.7;83.2;5.7;11.1;51.1;16.8;1.0;2.2;44.6
Tobias Harris;PHI;31;48;48;100;6.7;13.3;50.6;54.9;74.8;5.6;9.9;56.1;25.2;1.1;3.4;34.3
Keldon Johnson;SAS;24;49;49;100;6.0;13.2;45.3;51.9;60.9;4.2;8.1;52.6;39.1;1.8;5.2;34.0
Michael Porter Jr.;DEN;25;51;51;100;6.2;13.1;47.1;57.5;47.3;3.5;6.2;55.8;52.7;2.7;6.9;39.4
Kristaps Porzingis;BOS;28;39;39;100;6.8;12.9;52.9;59.9;60.8;5.0;7.8;63.7;39.2;1.8;5.0;36.0
Domantas Sabonis;SAC;27;52;52;100;8.0;12.8;62.3;64.2;91.1;7.5;11.7;64.0;8.9;0.5;1.1;44.2
Malcolm Brogdon;POR;31;39;39;100;5.6;12.7;44.0;52.2;59.9;3.5;7.6;45.8;40.1;2.1;5.1;41.2
Caris LeVert;CLE;29;41;41;100;5.4;12.5;42.8;49.8;58.9;3.6;7.4;48.8;41.1;1.8;5.2;34.2
Keegan Murray;SAC;23;48;48;100;5.7;12.3;46.4;55.5;48.7;3.5;6.0;57.7;51.3;2.3;6.3;35.7
Collin Sexton;UTA;25;53;53;100;5.9;12.3;48.2;54.5;67.4;4.4;8.3;52.9;32.6;1.6;4.0;38.8
Immanuel Quickley;TOR;24;48;48;100;5.3;12.1;43.7;53.5;53.0;2.9;6.4;45.3;47.0;2.4;5.7;42.0
Jaden Ivey;DET;21;48;48;100;5.5;11.9;46.3;53.1;64.0;3.9;7.6;51.4;36.0;1.6;4.3;37.3
Gordon Hayward;OKC;33;25;25;100;5.6;11.9;46.8;50.5;79.5;4.7;9.4;49.6;20.5;0.9;2.4;36.1
Marcus Smart;MEM;29;20;20;100;5.1;11.8;43.0;51.9;43.5;3.0;5.2;58.3;56.5;2.1;6.7;31.3
Myles Turner;IND;27;51;51;100;6.2;11.8;52.2;57.9;65.9;4.8;7.8;61.5;34.1;1.4;4.0;33.9
Chet Holmgren;OKC;21;53;53;100;6.3;11.8;53.6;60.7;64.0;4.7;7.6;61.6;36.0;1.7;4.3;39.4
Scoot Henderson;POR;20;41;41;100;4.4;11.8;37.3;42.6;66.6;3.2;7.9;40.2;33.4;1.2;4.0;31.4
Jalen Johnson;ATL;22;39;39;100;6.2;11.8;52.5;57.6;71.7;5.0;8.4;58.9;28.3;1.2;3.3;36.3
Malik Monk;SAC;26;51;51;100;5.3;11.7;45.0;54.9;48.2;2.9;5.6;51.9;51.8;2.3;6.1;38.4
OG Anunoby;NYK;26;41;41;100;5.8;11.7;49.8;58.8;52.5;3.7;6.1;60.6;47.5;2.1;5.5;37.9
Derrick White;BOS;29;49;49;100;5.3;11.6;45.6;56.8;42.6;2.7;5.0;54.2;57.4;2.6;6.7;39.1
Deandre Ayton;POR;25;35;35;100;6.4;11.6;55.6;55.6;100;6.4;11.6;55.6;0.0;0.0;0.0;
Khris Middleton;MIL;32;43;43;100;5.6;11.6;48.7;56.0;61.2;3.9;7.1;55.6;38.8;1.7;4.5;37.9
P.J. Washington;DAL;25;45;44;100;5.2;11.5;44.9;52.6;52.2;3.4;6.0;56.5;47.8;1.8;5.5;32.3
Evan Mobley;CLE;22;28;28;100;6.6;11.4;58.5;59.7;93.4;6.4;10.6;59.9;6.6;0.3;0.8;38.7
James Harden;LAC;34;46;46;100;5.1;11.3;45.0;57.4;41.6;2.3;4.7;48.7;58.4;2.8;6.6;42.2
Cameron Johnson;BKN;27;39;39;100;5.1;11.3;45.4;56.2;45.4;2.7;5.1;52.0;54.6;2.5;6.2;39.8
Kelly Oubre Jr.;PHI;28;40;40;100;5.2;11.3;45.6;52.1;59.3;3.7;6.7;54.9;40.7;1.5;4.6;32.2
Dillon Brooks;HOU;28;43;43;100;5.0;11.1;45.1;53.8;55.8;3.1;6.2;49.6;44.2;1.9;4.9;39.3
Bennedict Mathurin;IND;21;51;51;100;5.0;11.1;45.3;51.0;69.2;3.8;7.7;49.0;30.8;1.3;3.4;36.7
Dennis Schroder;BKN;30;52;52;100;4.9;11.0;44.2;51.2;60.7;3.3;6.7;49.9;39.3;1.5;4.3;35.6
Austin Reaves;LAL;25;53;52;100;5.4;10.9;49.1;56.7;58.1;3.7;6.4;58.5;41.9;1.7;4.6;36.2
John Collins;UTA;26;49;49;100;5.7;10.9;52.1;57.7;67.9;4.5;7.4;60.6;32.1;1.2;3.5;34.2
Max Strus;CLE;27;51;51;100;4.4;10.9;40.7;51.8;34.1;2.0;3.7;54.4;65.9;2.4;7.2;33.6
Jonathan Kuminga;GSW;21;49;48;100;5.8;10.8;53.6;57.0;77.7;5.0;8.4;60.2;22.3;0.7;2.4;30.3
Saddiq Bey;ATL;24;52;52;100;4.5;10.8;42.2;50.5;47.8;2.8;5.1;53.6;52.2;1.8;5.6;31.9
Jrue Holiday;BOS;33;48;48;100;5.0;10.7;47.2;56.9;55.6;3.0;5.9;49.8;44.4;2.1;4.8;43.8
Jabari Smith Jr.;HOU;20;47;47;100;4.9;10.6;46.5;54.3;57.5;3.3;6.1;53.5;42.5;1.7;4.5;37.0
Tyus Jones;WAS;27;52;52;100;5.2;10.5;49.7;57.3;63.9;3.6;6.7;54.1;36.1;1.6;3.8;42.2
Andrew Wiggins;GSW;28;45;44;100;4.6;10.5;43.7;48.2;70.7;3.6;7.4;49.2;29.3;0.9;3.1;30.3
Josh Giddey;OKC;21;52;52;100;4.6;10.4;44.4;49.1;71.6;3.6;7.5;48.8;28.4;1.0;3.0;33.1
De'Andre Hunter;ATL;26;29;29;100;4.9;10.4;47.0;56.1;55.6;3.0;5.8;51.8;44.4;1.9;4.6;41.1
Spencer Dinwiddie;LAL;30;47;47;100;4.0;10.3;38.9;47.6;44.7;2.2;4.6;47.8;55.3;1.8;5.7;31.6
Donte DiVincenzo;NYK;27;53;53;100;4.7;10.3;45.9;60.3;30.8;1.7;3.1;55.2;69.2;3.0;7.1;41.7
Gary Trent Jr.;TOR;25;48;48;100;4.3;10.3;41.9;53.8;43.3;1.9;4.4;41.7;56.7;2.4;5.8;42.0
Buddy Hield;PHI;31;54;54;100;4.5;10.2;44.3;57.3;31.8;1.9;3.3;57.4;68.2;2.7;7.0;38.3
Bobby Portis;MIL;29;53;53;100;5.0;10.2;49.4;55.0;70.4;3.9;7.2;54.1;29.6;1.1;3.0;38.1
Jaime Jaquez Jr.;MIA;22;46;47;100;5.0;10.1;48.9;53.8;71.0;4.0;7.2;55.3;29.0;1.0;2.9;33.4
Brook Lopez;MIL;35;50;50;100;5.0;10.1;49.2;57.9;50.0;3.2;5.1;63.6;50.0;1.8;5.1;34.8
Jeremy Sochan;SAS;20;53;53;100;4.4;10.1;43.9;48.7;71.9;3.5;7.2;47.7;28.1;1.0;2.8;33.9
Duncan Robinson;MIA;29;47;47;100;4.6;10.0;45.6;59.1;32.4;1.9;3.3;56.7;67.6;2.7;6.8;40.1
De'Anthony Melton;PHI;25;33;33;100;3.9;9.9;39.4;50.2;41.3;1.8;4.1;43.8;58.7;2.1;5.8;36.4
Aaron Gordon;DEN;28;46;46;100;5.3;9.9;54.0;56.8;81.1;4.8;8.0;59.5;18.9;0.6;1.9;30.5
Jarrett Allen;CLE;25;46;46;100;6.3;9.8;64.5;64.5;99.1;6.3;9.8;65.1;0.9;0.0;0.1;0.0
Eric Gordon;PHX;35;45;45;100;4.5;9.8;46.0;58.5;36.1;2.1;3.6;58.7;63.9;2.4;6.3;38.8
Jalen Suggs;ORL;22;49;49;100;4.4;9.8;44.7;55.0;46.6;2.4;4.5;51.6;53.4;2.0;5.2;38.7
Trey Murphy III;NOP;23;27;27;100;4.3;9.8;44.3;57.4;29.2;1.8;2.9;62.5;70.8;2.6;6.9;36.9
Jalen Duren;DET;20;37;37;100;6.2;9.7;63.9;63.9;99.2;6.2;9.7;64.5;0.8;0.0;0.1;0.0
Russell Westbrook;LAC;35;51;51;100;4.5;9.7;46.7;50.2;75.9;3.8;7.3;52.1;24.1;0.7;2.3;29.6
Jonas Valanciunas;NOP;31;52;52;100;5.6;9.6;57.7;60.6;83.4;5.0;8.0;62.2;16.6;0.6;1.6;35.0
Alec Burks;NYK;32;44;44;100;3.8;9.6;39.8;52.0;39.5;1.4;3.8;38.5;60.5;2.3;5.8;40.6
Naz Reid;MIN;24;52;52;100;4.7;9.5;48.8;59.0;50.8;2.7;4.8;55.9;49.2;1.9;4.7;41.4
Talen Horton-Tucker;UTA;23;33;33;100;3.9;9.5;40.8;46.8;63.1;2.7;6.0;45.5;36.9;1.1;3.5;32.7
Norman Powell;LAC;30;51;51;100;4.7;9.4;49.4;60.2;51.5;2.6;4.9;54.1;48.5;2.0;4.6;44.4
Cole Anthony;ORL;23;52;52;100;4.1;9.4;43.3;49.0;64.9;3.0;6.1;49.0;35.1;1.1;3.3;32.6
Zach Collins;SAS;26;41;41;100;4.5;9.4;47.9;52.6;66.1;3.6;6.2;58.2;33.9;0.9;3.2;27.8
Reggie Jackson;DEN;33;52;52;100;4.3;9.4;46.2;53.3;63.2;3.0;5.9;50.7;36.8;1.3;3.4;38.7
Santi Aldama;MEM;23;41;40;100;4.0;9.3;43.3;52.5;47.8;2.3;4.5;52.5;52.2;1.7;4.9;35.0
Deni Avdija;WAS;23;52;52;100;4.8;9.3;51.6;57.2;71.0;3.7;6.6;56.5;29.0;1.1;2.7;39.4
Keyonte George;UTA;20;47;47;100;3.6;9.3;38.6;47.9;44.1;1.9;4.1;45.2;55.9;1.7;5.2;33.3
Cam Whitmore;HOU;19;28;27;100;4.4;9.1;47.8;57.3;53.3;2.6;4.9;54.3;46.7;1.7;4.3;40.2
Bruce Brown;TOR;27;45;45;100;4.2;9.1;46.3;51.0;69.9;3.4;6.3;53.1;30.1;0.8;2.7;30.8
Jusuf Nurkic;PHX;29;49;49;100;4.7;9.0;51.6;54.0;81.2;4.2;7.3;57.6;18.8;0.4;1.7;25.4
Kevin Huerter;SAC;25;50;49;100;4.1;9.0;45.0;56.3;38.4;2.0;3.5;58.4;61.6;2.0;5.6;36.7
Lonnie Walker IV;BKN;25;32;32;100;4.3;9.0;47.4;59.2;45.3;2.1;4.1;52.5;54.7;2.1;4.9;43.4
Malik Beasley;MIL;27;51;51;100;4.1;8.8;46.9;63.2;27.0;1.3;2.4;52.7;73.0;2.9;6.4;44.6
Caleb Martin;MIA;28;36;35;100;4.0;8.7;45.5;52.2;63.7;2.8;5.6;50.5;36.3;1.2;3.2;36.9
Nic Claxton;BKN;24;41;41;100;5.5;8.7;62.7;62.9;98.9;5.4;8.6;63.2;1.1;0.0;0.1;20.0
Aaron Nesmith;IND;24;49;49;100;4.5;8.7;51.9;64.2;46.7;2.4;4.1;58.4;53.3;2.1;4.6;46.2
Jaden McDaniels;MIN;23;42;42;100;4.4;8.7;51.1;58.4;60.7;3.2;5.3;60.3;39.3;1.3;3.4;37.1
Corey Kispert;WAS;24;51;50;100;4.2;8.7;48.4;59.5;38.0;2.3;3.3;69.0;62.0;1.9;5.4;35.8
Tari Eason;HOU;22;22;22;100;4.0;8.6;46.6;51.3;73.5;3.2;6.3;50.3;26.5;0.8;2.3;36.1
Harrison Barnes;SAC;31;52;52;100;4.1;8.6;47.9;58.8;44.9;2.2;3.9;57.9;55.1;1.9;4.7;39.7
Isaiah Stewart;DET;22;35;35;100;4.0;8.5;47.1;55.2;57.2;2.6;4.9;54.1;42.8;1.4;3.6;37.7
Rui Hachimura;LAL;26;39;38;100;4.2;8.5;49.4;56.1;64.8;3.0;5.5;55.6;35.2;1.1;3.0;38.0
Patrick Williams;CHI;22;43;43;100;3.7;8.3;44.3;52.5;58.8;2.3;4.9;47.5;41.2;1.4;3.4;39.8
Clint Capela;ATL;29;47;47;100;4.8;8.3;58.1;58.1;100;4.8;8.3;58.1;0.0;0.0;0.0;
Luguentz Dort;OKC;24;51;51;100;3.6;8.2;43.7;55.1;41.1;1.7;3.4;50.7;58.9;1.9;4.8;38.8
Markelle Fultz;ORL;25;20;20;100;4.0;8.2;49.4;49.7;95.7;4.0;7.8;51.0;4.3;0.1;0.3;14.3
Grayson Allen;PHX;28;46;47;100;4.1;8.1;50.7;65.4;38.6;1.7;3.1;55.0;61.4;2.4;5.0;48.0
Mike Conley;MIN;36;47;47;100;3.6;8.1;44.6;59.2;34.9;1.3;2.8;44.5;65.1;2.4;5.3;44.7
Brandin Podziemski;GSW;20;44;43;100;3.7;8.1;45.8;52.7;61.2;2.6;5.0;52.3;38.8;1.1;3.1;35.4
Josh Richardson;MIA;30;42;42;100;3.6;8.1;45.0;54.6;45.6;2.1;3.7;56.4;54.4;1.6;4.4;35.4
GG Jackson;MEM;19;21;20;100;3.5;8.0;43.5;53.3;48.2;1.9;3.9;49.2;51.8;1.6;4.1;37.9
Kentavious Caldwell-Pope;DEN;30;48;48;100;3.6;8.0;45.3;54.6;51.3;2.1;4.1;52.2;48.7;1.5;3.9;38.1
Luke Kennard;MEM;27;25;25;100;3.5;8.0;43.7;60.6;24.6;0.8;2.0;40.8;75.4;2.7;6.0;44.7
Mark Williams;CHA;22;19;19;100;5.2;8.0;64.9;64.9;100;5.2;8.0;64.9;0.0;0.0;0.0;
Dorian Finney-Smith;BKN;30;42;42;100;3.2;8.0;40.7;53.4;31.4;1.2;2.5;48.4;68.6;2.0;5.5;37.1
Rudy Gobert;MIN;31;51;51;100;5.2;7.9;64.9;64.9;99.5;5.2;7.9;65.3;0.5;0.0;0.0;0.0
Jordan Hawkins;NOP;21;47;46;100;3.2;7.9;40.4;53.1;34.2;1.2;2.7;44.1;65.8;2.0;5.2;38.5
Herbert Jones;NOP;25;47;47;100;3.9;7.8;50.1;59.5;55.0;2.5;4.3;57.2;45.0;1.5;3.5;41.6
Taurean Prince;LAL;29;50;49;100;3.4;7.8;43.4;55.6;35.2;1.5;2.8;53.6;64.8;1.9;5.1;37.8
David Roddy;PHX;22;48;46;100;3.1;7.8;40.2;46.4;59.0;2.2;4.6;46.9;41.0;1.0;3.2;30.5
Cody Martin;CHA;28;20;20;100;2.9;7.8;37.4;44.2;60.0;1.9;4.7;39.8;40.0;1.1;3.1;33.9
Ivica Zubac;LAC;26;41;41;100;5.1;7.7;65.9;65.9;100;5.1;7.7;66.0;0.0;0.0;0.0;
Georges Niang;CLE;30;51;51;100;3.4;7.7;43.4;54.6;37.6;1.6;2.9;56.2;62.4;1.7;4.8;35.9
Andrew Nembhard;IND;24;40;39;100;3.7;7.7;48.4;53.2;71.1;3.0;5.5;54.4;28.9;0.8;2.2;33.6
Tre Jones;SAS;24;48;48;100;3.8;7.7;49.9;54.1;70.5;3.2;5.4;58.9;29.5;0.7;2.3;28.6
Wendell Carter Jr.;ORL;24;27;27;100;4.0;7.7;52.2;59.9;62.8;2.8;4.8;58.4;37.2;1.2;2.9;41.8
Chris Paul;GSW;38;32;32;100;3.3;7.7;42.4;51.2;51.4;1.9;3.9;48.5;48.6;1.3;3.7;36.0
Marvin Bagley III;WAS;24;35;35;100;4.4;7.6;58.5;58.9;96.2;4.4;7.3;59.9;3.8;0.1;0.3;20.7
Ayo Dosunmu;CHI;24;51;51;100;3.8;7.6;50.0;58.3;58.3;2.5;4.4;57.4;41.7;1.3;3.2;39.6
Malaki Branham;SAS;20;48;47;100;3.2;7.5;42.2;48.2;59.4;2.3;4.5;50.9;40.6;0.9;3.0;29.6
Scotty Pippen Jr.;MEM;23;7;7;100;3.7;7.4;50.0;60.6;65.4;2.1;4.9;44.0;34.6;1.6;2.6;61.1
Derrick Rose;MEM;35;20;20;100;3.4;7.4;45.3;50.3;73.6;2.6;5.5;47.7;26.4;0.8;1.9;38.5
Obi Toppin;IND;25;54;54;100;4.2;7.4;56.6;65.0;58.1;2.9;4.3;68.4;41.9;1.2;3.1;40.1
Simone Fontecchio;DET;28;51;51;100;3.3;7.4;44.8;57.3;35.8;1.5;2.6;55.5;64.2;1.8;4.8;38.7
Derrick Jones Jr.;DAL;26;48;48;100;3.6;7.4;48.9;57.3;50.3;2.4;3.7;63.3;49.7;1.3;3.7;34.1
Ausar Thompson;DET;21;52;52;100;3.5;7.3;47.6;49.2;78.4;3.3;5.7;56.7;21.6;0.2;1.6;14.6
Jaden Hardy;DAL;21;48;48;100;3.0;7.3;40.6;50.0;48.9;1.6;3.6;44.4;51.1;1.4;3.7;37.0
Moritz Wagner;ORL;26;51;51;100;4.2;7.2;58.5;62.1;78.6;3.7;5.7;65.6;21.4;0.5;1.6;32.9
Alex Caruso;CHI;29;46;46;100;3.4;7.1;48.2;60.2;39.6;1.7;2.8;60.8;60.4;1.7;4.3;40.0
Josh Hart;NYK;28;52;52;100;3.0;7.1;42.0;48.2;58.6;2.1;4.1;50.4;41.4;0.9;2.9;30.1
Jakob Poeltl;TOR;28;42;42;100;4.8;7.0;68.8;68.8;100;4.8;7.0;68.8;0.0;0.0;0.0;
Josh Green;DAL;23;40;40;100;3.4;7.0;48.4;58.8;48.7;1.9;3.4;56.8;51.3;1.4;3.6;40.5
Ziaire Williams;MEM;22;44;41;100;2.7;7.0;39.2;47.2;49.0;1.6;3.4;47.2;51.0;1.1;3.5;31.3
Dario Saric;GSW;29;48;47;100;3.4;6.9;48.6;59.2;49.2;1.9;3.4;56.1;50.8;1.5;3.5;41.5
Duop Reath;POR;27;38;38;100;3.3;6.9;48.5;58.6;48.5;1.9;3.3;58.4;51.5;1.4;3.5;39.2
Grant Williams;CHA;25;48;48;100;2.8;6.8;41.5;54.0;34.1;1.1;2.3;48.5;65.9;1.7;4.5;38.0
T.J. McConnell;IND;31;43;43;100;3.7;6.8;53.9;54.4;93.5;3.6;6.4;56.5;6.5;0.1;0.4;15.9
Vince Williams Jr.;MEM;23;41;40;100;3.0;6.8;44.1;55.7;39.1;1.4;2.7;53.0;60.9;1.6;4.2;38.3
Dennis Smith Jr.;BKN;26;35;35;100;3.0;6.7;44.9;48.7;73.3;2.5;4.9;50.8;26.7;0.5;1.8;28.3
Killian Hayes;DET;22;42;42;100;2.8;6.7;41.3;45.2;73.9;2.3;5.0;45.4;26.1;0.5;1.8;29.5
Evan Fournier;DET;31;3;3;100;1.3;6.7;20.0;25.0;25.0;0.7;1.7;40.1;75.0;0.7;5.0;13.4
Bilal Coulibaly;WAS;19;51;51;100;3.0;6.6;45.6;53.3;58.6;2.0;3.9;51.5;41.4;1.0;2.8;37.1
Daniel Gafford;DAL;25;46;46;100;4.5;6.6;68.8;68.8;100;4.5;6.6;68.7;0.0;0.0;0.0;
Jalen Smith;IND;23;38;38;100;4.2;6.6;63.3;72.1;64.1;3.0;4.2;71.5;35.9;1.2;2.4;48.9
Onyeka Okongwu;ATL;23;52;52;100;4.0;6.6;60.9;64.1;81.3;3.6;5.4;67.0;18.7;0.4;1.2;34.1
Payton Pritchard;BOS;26;53;53;100;2.8;6.6;42.8;55.5;32.2;1.1;2.1;54.5;67.8;1.7;4.5;37.3
Royce O'Neale;PHX;30;49;49;100;2.5;6.5;38.3;53.3;18.4;0.6;1.2;45.8;81.6;2.0;5.3;36.6
Jabari Walker;POR;21;48;48;100;3.1;6.5;47.0;51.3;69.0;2.5;4.5;55.6;31.0;0.6;2.0;27.7
Kyle Lowry;MIA;37;36;36;100;2.8;6.5;42.9;55.8;33.9;1.1;2.2;50.7;66.1;1.7;4.3;39.0
Draymond Green;GSW;33;26;24;100;3.3;6.5;50.6;58.3;63.7;2.3;4.1;55.1;36.3;1.0;2.4;42.6
Kevin Love;MIA;35;41;41;100;2.7;6.5;42.3;53.8;30.2;1.2;1.9;63.6;69.8;1.5;4.5;33.0
Isaac Okoro;CLE;23;42;42;100;3.2;6.5;49.4;56.8;61.3;2.2;4.0;56.7;38.7;0.9;2.5;38.0
Precious Achiuwa;NYK;24;46;45;100;3.1;6.4;49.0;52.0;77.0;2.8;5.0;55.6;23.0;0.4;1.5;26.4
Moses Moody;GSW;21;37;36;100;3.1;6.4;47.9;56.5;51.7;2.0;3.3;59.3;48.3;1.1;3.1;35.7
Gabe Vincent;LAL;27;5;5;100;2.4;6.4;37.5;40.6;46.9;2.0;3.0;66.7;53.1;0.4;3.4;11.8
Dante Exum;DAL;28;32;31;100;3.6;6.3;57.1;64.8;68.0;2.7;4.3;61.7;32.0;1.0;2.0;47.8
Sam Hauser;BOS;26;52;52;100;2.8;6.3;44.1;61.7;14.0;0.6;0.9;63.6;86.0;2.2;5.4;41.0
Bones Hyland;LAC;23;19;18;100;2.3;6.3;36.7;45.0;46.7;1.3;3.0;42.7;53.3;1.1;3.4;31.2
Sam Merrill;CLE;27;36;33;100;2.8;6.3;44.1;63.2;13.7;0.4;0.9;41.9;86.3;2.4;5.4;44.5
Isaiah Joe;OKC;24;49;48;100;2.9;6.3;46.1;62.0;25.6;0.9;1.6;55.9;74.4;2.0;4.7;42.8
Quentin Grimes;DET;23;45;45;100;2.5;6.2;39.6;53.2;25.4;0.8;1.6;49.4;74.6;1.7;4.6;36.4
Xavier Tillman;BOS;25;34;33;100;2.6;6.2;41.4;44.3;75.7;2.2;4.7;47.2;24.3;0.3;1.5;23.3
Al Horford;BOS;37;44;44;100;2.9;6.2;47.2;60.5;33.9;1.3;2.1;60.8;66.1;1.6;4.1;40.3
Terance Mann;LAC;27;45;45;100;2.9;6.2;46.6;53.6;54.5;2.0;3.4;59.5;45.5;0.9;2.8;31.1
Jaylen Nowell;MEM;24;9;8;100;2.4;6.1;40.0;43.6;58.2;2.0;3.6;56.2;41.8;0.4;2.6;17.2
Matt Ryan;NOP;26;14;14;100;2.7;6.1;44.7;63.5;20.0;0.4;1.2;35.5;80.0;2.3;4.9;47.1
Marcus Sasser;DET;23;47;46;100;3.0;6.1;48.8;58.6;54.7;1.8;3.3;53.3;45.3;1.2;2.7;43.4
Landry Shamet;WAS;26;35;35;100;2.7;6.1;44.8;54.7;44.8;1.5;2.7;55.7;55.2;1.2;3.3;35.9
Nick Smith Jr.;CHA;19;36;35;100;2.4;6.0;40.6;52.3;47.9;1.0;2.9;35.6;52.1;1.4;3.1;45.2
Kevin Knox II;DET;24;31;29;100;2.8;6.0;46.2;54.6;49.5;1.8;3.0;59.6;50.5;1.0;3.0;33.0
Jae Crowder;MIL;33;22;22;100;2.6;6.0;43.9;56.8;33.3;1.1;2.0;54.5;66.7;1.6;4.0;38.8
Toumani Camara;POR;23;51;51;100;2.5;6.0;41.8;47.9;58.5;1.8;3.5;50.7;41.5;0.7;2.5;29.3
Matt Hurt;MEM;23;3;3;100;2.0;6.0;33.3;38.9;44.4;1.3;2.7;49.8;55.6;0.7;3.3;20.1
Andre Drummond;CHI;30;53;52;100;3.3;5.9;56.3;56.3;99.4;3.3;5.8;56.6;0.6;0.0;0.0;0.0
Jose Alvarado;NOP;25;34;33;100;2.4;5.8;41.7;52.3;41.2;1.2;2.4;50.2;58.8;1.2;3.4;36.0
Cam Reddish;LAL;24;34;33;100;2.4;5.8;40.2;48.0;53.3;1.4;3.1;46.2;46.7;0.9;2.7;33.2
Nickeil Alexander-Walker;MIN;25;52;52;100;2.4;5.8;41.7;53.6;33.8;1.0;2.0;53.1;66.2;1.4;3.9;35.8
Naji Marshall;NOP;26;41;41;100;2.6;5.8;45.0;52.1;61.3;1.8;3.6;50.0;38.7;0.8;2.2;37.1
Christian Braun;DEN;22;52;52;100;2.6;5.8;45.2;51.0;68.6;1.9;3.9;48.7;31.4;0.7;1.8;37.0
Amen Thompson;HOU;21;33;33;100;2.9;5.7;50.0;51.6;79.8;2.7;4.5;58.7;20.2;0.2;1.1;15.7
Cedi Osman;SAS;28;53;53;100;2.7;5.7;47.5;58.3;43.2;1.5;2.5;60.0;56.8;1.2;3.2;38.1
Dereck Lively II;DAL;20;36;36;100;4.2;5.6;73.9;73.9;99.0;4.2;5.6;74.7;1.0;0.0;0.1;0.0
Walker Kessler;UTA;22;45;44;100;3.7;5.6;66.1;66.9;93.7;3.6;5.3;68.8;6.3;0.1;0.4;25.0
Julian Strawther;DEN;21;33;31;100;2.2;5.6;39.8;50.0;37.6;1.1;2.1;51.4;62.4;1.1;3.5;32.7
Gary Harris;ORL;29;32;32;100;2.4;5.6;42.8;53.6;32.8;1.2;1.8;64.7;67.2;1.2;3.8;32.3
Peyton Watson;DEN;21;50;50;100;2.6;5.6;47.1;53.4;62.2;1.9;3.5;55.5;37.8;0.7;2.1;33.3
Trey Lyles;SAC;28;38;37;100;2.6;5.5;46.4;61.6;26.5;0.9;1.5;60.5;73.5;1.7;4.1;41.2
Marcus Morris Sr.;SAS;34;37;34;100;2.4;5.5;43.9;52.7;56.1;1.5;3.1;46.9;43.9;1.0;2.4;39.9
Skylar Mays;LAL;26;28;24;100;2.1;5.5;39.0;44.2;64.9;1.6;3.6;44.0;35.1;0.6;1.9;29.5
Monte Morris;MIN;28;6;6;100;2.0;5.5;36.4;39.4;66.7;1.7;3.7;45.5;33.3;0.3;1.8;18.0
Keon Johnson;BKN;21;2;2;100;2.0;5.5;36.4;50.0;54.5;0.5;3.0;16.7;45.5;1.5;2.5;60.0
Ashton Hagans;POR;24;2;2;100;2.0;5.5;36.4;36.4;63.6;2.0;3.5;57.1;36.4;0.0;2.0;0.0
Nick Richards;CHA;26;43;43;100;3.7;5.5;67.8;67.8;100;3.7;5.5;67.8;0.0;0.0;0.0;
Aaron Holiday;HOU;27;49;47;100;2.5;5.4;45.6;56.7;44.9;1.3;2.4;52.7;55.1;1.2;3.0;39.9
Ben Simmons;BKN;27;11;10;100;3.4;5.4;62.7;62.7;100;3.4;5.4;62.7;0.0;0.0;0.0;
Jevon Carter;CHI;28;50;48;100;2.0;5.3;37.0;47.7;35.8;0.8;1.9;43.2;64.2;1.1;3.4;33.5
Kelly Olynyk;TOR;32;51;51;100;2.9;5.3;55.6;62.5;67.9;2.2;3.6;61.6;32.1;0.7;1.7;43.2
Cason Wallace;OKC;20;53;53;100;2.6;5.2;50.2;61.3;45.8;1.4;2.4;60.9;54.2;1.1;2.8;40.9
Christian Wood;LAL;28;47;44;100;2.4;5.2;46.3;53.3;56.6;1.7;2.9;57.1;43.4;0.7;2.3;31.9
Day'Ron Sharpe;BKN;22;36;36;100;2.9;5.1;57.3;57.6;96.2;2.9;4.9;59.1;3.8;0.0;0.2;15.8
Patrick Beverley;MIL;35;48;48;100;2.2;5.1;43.1;50.6;54.5;1.4;2.8;51.6;45.5;0.8;2.3;33.0
Kyle Anderson;MIN;30;52;52;100;2.4;5.1;47.2;48.3;88.3;2.3;4.5;50.9;11.7;0.1;0.6;20.0
Craig Porter Jr.;CLE;23;32;25;100;2.6;5.1;50.9;53.1;87.7;2.4;4.5;53.2;12.3;0.2;0.6;34.9
Paul Reed;PHI;24;52;52;100;2.8;5.1;54.2;56.1;88.3;2.6;4.5;57.1;11.7;0.2;0.6;31.7
Torrey Craig;CHI;33;31;31;100;2.1;5.0;41.7;52.2;42.3;1.0;2.1;48.4;57.7;1.1;2.9;36.6
Cameron Payne;PHI;29;49;48;100;2.3;5.0;45.1;56.5;41.9;1.1;2.1;53.3;58.1;1.1;2.9;39.0
Jamal Cain;MIA;24;13;10;100;2.2;5.0;44.6;50.8;61.5;1.6;3.1;52.6;38.5;0.6;1.9;32.3
Ochai Agbaji;TOR;23;52;52;100;2.1;5.0;42.2;51.4;43.0;1.2;2.1;55.9;57.0;0.9;2.8;31.8
Isaiah Livers;WAS;25;23;23;100;1.7;5.0;35.1;44.7;33.3;0.8;1.6;47.3;66.7;1.0;3.3;29.1
Jordan Goodwin;PHX;25;39;36;100;1.9;5.0;38.9;44.8;58.5;1.3;2.9;45.9;41.5;0.6;2.0;28.8
Gary Payton II;GSW;31;17;17;100;2.4;4.9;48.8;54.8;60.7;1.8;3.0;60.7;39.3;0.6;1.9;30.4
Dyson Daniels;NOP;20;51;49;100;2.2;4.9;44.2;50.6;57.0;1.6;2.8;55.4;43.0;0.6;2.1;29.7
Haywood Highsmith;MIA;27;38;36;100;2.1;4.8;42.9;53.8;41.8;1.0;2.0;50.7;58.2;1.1;2.8;37.2
Matisse Thybulle;POR;26;50;50;100;1.9;4.8;40.4;54.2;22.1;0.6;1.1;58.5;77.9;1.3;3.7;35.3
Theo Maledon;PHX;22;14;12;100;1.4;4.8;28.4;32.1;55.2;1.0;2.6;37.9;44.8;0.4;2.1;16.8
Danilo Gallinari;DET;35;32;31;100;2.2;4.8;45.1;53.9;50.3;1.3;2.4;54.4;49.7;0.8;2.4;35.3
Miles McBride;NYK;23;40;34;100;2.1;4.8;44.0;56.0;41.4;0.9;2.0;48.0;58.6;1.1;2.8;41.1
Jordan Nwora;TOR;25;26;23;100;2.1;4.8;45.2;53.2;54.0;1.4;2.6;53.5;46.0;0.8;2.2;35.2
Julian Champagnie;SAS;22;46;45;100;1.9;4.8;39.7;53.2;27.9;0.6;1.3;45.9;72.1;1.3;3.4;37.3
Jonathan Isaac;ORL;26;35;35;100;2.2;4.7;47.6;53.0;62.8;1.7;2.9;58.2;37.2;0.5;1.7;29.3
Nikola Jovic;MIA;20;19;17;100;1.9;4.7;40.4;50.6;52.8;0.9;2.5;38.5;47.2;0.9;2.2;43.0
Mitchell Robinson;NYK;25;21;21;100;2.8;4.7;59.2;59.2;100;2.8;4.7;59.1;0.0;0.0;0.0;
Daniel Theis;LAC;31;39;37;100;2.5;4.7;54.4;58.5;80.2;2.1;3.7;57.5;19.8;0.4;0.9;41.3
Sasha Vezenkov;SAC;28;35;33;100;2.1;4.6;45.1;56.8;38.3;1.0;1.8;56.5;61.7;1.1;2.9;38.1
Kris Dunn;UTA;29;45;43;100;2.2;4.6;47.3;54.3;66.7;1.5;3.1;49.8;33.3;0.6;1.5;41.8
Doug McDermott;IND;32;47;46;100;2.0;4.6;44.0;61.6;19.4;0.4;0.9;44.9;80.6;1.6;3.7;43.8
Isaiah Hartenstein;NYK;25;50;50;100;2.8;4.6;61.8;62.1;98.7;2.8;4.5;62.2;1.3;0.0;0.1;33.3
Taylor Hendricks;UTA;20;14;13;100;1.7;4.5;38.1;48.4;41.3;0.8;1.9;42.5;58.7;0.9;2.6;35.2
Armoni Brooks;BKN;25;10;8;100;1.5;4.5;33.3;45.6;28.9;0.4;1.3;30.8;71.1;1.1;3.2;34.4
Dean Wade;CLE;27;44;43;100;1.8;4.5;41.1;58.4;13.2;0.3;0.6;50.8;86.8;1.6;3.9;39.8
Gradey Dick;TOR;20;32;30;100;1.7;4.4;38.0;48.6;37.3;0.8;1.7;45.2;62.7;0.9;2.8;33.8
Chris Boucher;TOR;31;45;43;100;2.1;4.4;48.5;55.8;55.6;1.5;2.4;61.1;44.4;0.6;2.0;32.7
Robert Williams III;POR;26;6;6;100;2.8;4.3;65.4;65.4;100;2.8;4.3;65.4;0.0;0.0;0.0;
Bryce McGowens;CHA;21;42;38;100;2.0;4.3;45.9;54.1;53.6;1.3;2.3;54.5;46.4;0.7;2.0;35.5
Lester Quinones;GSW;23;16;14;100;1.8;4.3;40.6;53.6;37.7;0.6;1.6;38.7;62.3;1.1;2.7;42.0
Trendon Watford;BKN;23;37;34;100;2.3;4.3;53.5;56.9;79.9;2.0;3.4;58.3;20.1;0.3;0.9;34.9
Maxi Kleber;DAL;32;18;17;100;2.0;4.3;46.8;57.1;41.6;1.1;1.8;62.4;58.4;0.9;2.5;35.6
Dexter Dennis;DAL;25;4;3;100;2.5;4.3;58.8;61.8;64.7;2.3;2.8;81.8;35.3;0.3;1.5;16.7
Jontay Porter;TOR;24;16;14;100;1.6;4.3;36.8;45.6;47.1;0.8;2.0;40.5;52.9;0.8;2.3;33.3
Max Christie;LAL;21;42;37;100;1.8;4.2;41.6;50.6;50.6;1.0;2.1;46.7;49.4;0.8;2.1;36.2
Shake Milton;DET;27;39;36;100;1.7;4.2;40.0;44.2;67.3;1.3;2.9;46.7;32.7;0.4;1.4;26.1
Jeff Green;HOU;37;50;50;100;2.1;4.2;49.0;54.3;65.2;1.6;2.7;59.1;34.8;0.4;1.5;30.1
Pat Connaughton;MIL;31;47;45;100;1.9;4.2;45.4;59.2;28.6;0.7;1.2;62.2;71.4;1.1;3.0;38.6
Aaron Wiggins;OKC;25;50;47;100;2.4;4.1;58.5;68.1;62.8;1.6;2.6;62.3;37.2;0.8;1.5;51.9
Goga Bitadze;ORL;24;44;37;100;2.5;4.1;61.9;62.4;94.5;2.5;3.9;64.3;5.5;0.1;0.2;21.7
Terquavion Smith;PHI;21;9;8;100;1.8;4.1;43.2;59.5;24.3;0.4;1.0;44.0;75.7;1.3;3.1;42.8
Isaiah Jackson;IND;22;41;39;100;2.7;4.1;65.9;65.9;98.2;2.7;4.0;67.0;1.8;0.0;0.1;0.0
Joe Ingles;ORL;36;39;39;100;1.6;4.0;41.0;54.8;31.4;0.5;1.3;42.9;68.6;1.1;2.7;40.1
Kaiser Gates;NOP;27;1;1;100;0.0;4.0;0.0;0.0;50.0;0.0;2.0;0.0;50.0;0.0;2.0;0.0
Bismack Biyombo;OKC;31;30;28;100;2.2;4.0;56.3;56.3;100;2.2;4.0;56.2;0.0;0.0;0.0;
Nicolas Batum;PHI;35;34;33;100;2.1;4.0;51.9;68.1;28.1;0.8;1.1;67.9;71.9;1.3;2.9;45.3
Caleb Houstan;ORL;21;38;33;100;1.5;4.0;38.4;55.3;6.6;0.2;0.3;69.2;93.4;1.3;3.7;36.1
Seth Curry;CHA;33;37;31;100;1.5;4.0;36.7;46.6;44.2;0.7;1.8;38.6;55.8;0.8;2.2;35.1
Jacob Gilyard;MEM;25;36;32;100;1.7;3.9;42.6;60.6;15.6;0.3;0.6;41.0;84.4;1.4;3.3;42.9
Jake LaRavia;MEM;22;11;10;100;1.4;3.9;37.2;43.0;44.2;1.0;1.7;57.8;55.8;0.5;2.2;20.6
Trayce Jackson-Davis;GSW;23;38;32;100;2.6;3.9;67.6;67.6;100;2.6;3.9;67.6;0.0;0.0;0.0;
Kenrich Williams;OKC;29;42;42;100;1.8;3.9;46.0;56.4;47.9;1.0;1.9;52.7;52.1;0.8;2.0;40.1
Jarace Walker;IND;20;17;13;100;1.6;3.9;42.4;51.5;51.5;0.9;2.0;47.0;48.5;0.7;1.9;37.8
Delon Wright;WAS;31;31;29;100;1.5;3.8;39.5;45.4;68.9;1.1;2.6;40.0;31.1;0.5;1.2;37.8
Amir Coffey;LAC;26;39;34;100;2.1;3.8;55.0;65.8;50.3;1.3;1.9;66.7;49.7;0.8;1.9;43.2
Thaddeus Young;TOR;35;23;20;100;2.4;3.8;62.1;62.6;93.1;2.3;3.5;65.3;6.9;0.0;0.3;15.4
Josh Okogie;PHX;25;46;43;100;1.6;3.8;43.1;49.7;54.6;1.1;2.1;54.6;45.4;0.5;1.7;29.1
Jae'Sean Tate;HOU;28;49;48;100;1.8;3.8;47.8;53.3;63.6;1.4;2.4;58.2;36.4;0.4;1.4;29.9
MarJon Beauchamp;MIL;23;38;33;100;1.8;3.8;47.6;56.3;54.5;1.1;2.0;55.1;45.5;0.7;1.7;38.6
Jarred Vanderbilt;LAL;24;28;25;100;1.9;3.8;51.4;55.2;74.3;1.6;2.8;58.8;25.7;0.3;1.0;30.2
Tosan Evbuomwan;DET;22;4;4;100;1.0;3.8;26.7;33.3;46.7;0.5;1.8;28.6;53.3;0.5;2.0;25.0
Larry Nance Jr.;NOP;31;35;33;100;2.1;3.7;56.5;63.4;69.5;1.6;2.6;61.5;30.5;0.5;1.1;44.7
James Wiseman;DET;22;33;31;100;2.5;3.7;67.5;67.5;98.4;2.5;3.7;68.7;1.6;0.0;0.1;0.0
Keita Bates-Diop;BKN;28;39;38;100;1.7;3.7;44.8;51.7;57.9;1.1;2.1;53.5;42.1;0.5;1.6;32.7
Jaden Springer;BOS;21;32;27;100;1.4;3.7;39.0;42.4;68.6;1.2;2.5;47.0;31.4;0.3;1.2;21.6
Mason Plumlee;LAC;33;21;20;100;2.4;3.7;66.2;66.2;100;2.4;3.7;66.2;0.0;0.0;0.0;
Anthony Black;ORL;20;48;42;100;1.8;3.7;49.4;56.3;64.2;1.3;2.4;55.7;35.8;0.5;1.3;38.2
Dru Smith;MIA;26;9;7;100;1.7;3.7;45.5;56.1;48.5;0.9;1.8;50.0;51.5;0.8;1.9;41.3
Ish Smith;CHA;35;43;39;100;1.5;3.7;41.8;43.0;94.9;1.4;3.5;41.3;5.1;0.1;0.2;47.4
Dominick Barlow;SAS;20;23;20;100;1.7;3.6;47.6;49.4;91.7;1.6;3.4;48.1;8.3;0.1;0.3;43.3
Jalen Wilson;BKN;23;14;12;100;1.8;3.6;49.0;56.9;66.7;1.2;2.4;49.8;33.3;0.6;1.2;47.1
Tre Mann;CHA;23;14;8;100;1.7;3.6;47.1;55.9;52.9;1.1;1.9;55.4;47.1;0.6;1.7;37.4
Nate Williams;HOU;25;8;8;100;1.8;3.6;48.3;50.0;89.7;1.6;3.3;50.2;10.3;0.1;0.4;34.2
John Konchar;MEM;27;42;38;100;1.5;3.6;41.4;49.3;43.4;0.9;1.6;59.2;56.6;0.6;2.0;27.8
Davion Mitchell;SAC;25;42;38;100;1.4;3.6;39.5;47.0;49.3;0.9;1.8;49.2;50.7;0.6;1.8;30.1
Drew Eubanks;PHX;27;46;45;100;2.3;3.6;64.0;64.9;98.2;2.2;3.5;63.4;1.8;0.1;0.1;100
Mike Muscala;DET;32;35;33;100;1.3;3.6;37.6;48.4;36.8;0.6;1.3;43.5;63.2;0.8;2.3;34.1
Malachi Flynn;DET;25;45;40;100;1.4;3.6;40.6;50.6;41.9;0.7;1.5;49.0;58.1;0.7;2.1;34.3
Ousmane Dieng;OKC;20;28;27;100;1.5;3.5;43.4;53.5;37.4;0.8;1.3;62.1;62.6;0.7;2.2;32.1
Chimezie Metu;PHX;26;36;30;100;1.8;3.5;49.6;55.5;59.8;1.3;2.1;63.0;40.2;0.4;1.4;29.6
Kris Murray;POR;23;32;25;100;1.4;3.5;40.7;48.7;50.4;0.9;1.8;49.4;49.6;0.6;1.8;32.0
Chris Duarte;SAC;26;36;34;100;1.3;3.5;36.2;44.9;45.7;0.7;1.6;41.6;54.3;0.6;1.9;31.8
Ricky Council IV;PHI;22;12;10;100;1.8;3.5;52.4;56.0;81.0;1.6;2.8;55.8;19.0;0.3;0.7;37.3
Jamaree Bouyea;POR;24;6;4;100;0.8;3.5;23.8;23.8;61.9;0.8;2.2;38.2;38.1;0.0;1.3;0.0
Kevon Looney;GSW;28;50;47;100;2.2;3.5;62.4;62.4;100;2.2;3.5;62.4;0.0;0.0;0.0;
Eugene Omoruyi;WAS;26;23;21;100;1.7;3.4;51.3;54.5;73.1;1.5;2.5;61.3;26.9;0.2;0.9;24.2
Robert Covington;PHI;33;29;26;100;1.5;3.4;43.9;53.6;42.9;0.8;1.4;57.2;57.1;0.7;1.9;34.2
Neemias Queta;BOS;24;22;19;100;2.0;3.4;60.8;60.8;100;2.0;3.4;61.0;0.0;0.0;0.0;
Brandon Boston Jr.;LAC;22;14;11;100;1.4;3.4;40.4;45.7;70.2;1.0;2.4;42.4;29.8;0.4;1.0;36.0
Yuta Watanabe;MEM;29;28;24;100;1.2;3.4;36.2;48.9;21.3;0.4;0.7;50.7;78.7;0.9;2.6;32.6
Vasilije Micic;CHA;30;31;30;100;1.4;3.4;43.3;49.5;53.8;1.0;1.8;56.9;46.2;0.4;1.6;27.1
A.J. Lawson;DAL;23;25;21;100;1.6;3.3;47.0;54.8;51.8;1.0;1.7;60.5;48.2;0.5;1.6;32.5
JT Thor;CHA;21;42;38;100;1.2;3.3;36.7;43.5;56.8;0.8;1.9;40.4;43.2;0.5;1.4;31.5
Nassir Little;PHX;24;30;25;100;1.6;3.3;47.5;56.1;43.4;1.0;1.4;69.9;56.6;0.6;1.9;30.5
Kira Lewis Jr.;UTA;22;15;14;100;1.0;3.3;30.6;32.7;61.2;0.9;2.0;43.5;38.8;0.1;1.3;10.2
Jalen McDaniels;TOR;26;32;29;100;1.1;3.3;33.7;38.9;50.0;0.8;1.6;46.0;50.0;0.3;1.6;20.9
Jaylin Williams;OKC;21;45;44;100;1.2;3.2;37.7;48.3;37.0;0.5;1.2;44.2;63.0;0.7;2.0;33.8
Troy Brown Jr.;DET;24;38;32;100;1.4;3.2;44.3;57.8;27.0;0.6;0.9;63.2;73.0;0.9;2.3;37.2
Mo Bamba;PHI;25;30;25;100;1.6;3.2;50.0;55.7;74.0;1.2;2.4;51.9;26.0;0.4;0.8;44.6
AJ Green;MIL;24;33;27;100;1.4;3.2;43.8;61.9;13.3;0.2;0.4;57.1;86.7;1.1;2.8;41.7
Chuma Okeke;ORL;25;31;28;100;1.2;3.2;37.8;49.0;27.6;0.5;0.9;55.2;72.4;0.7;2.3;31.0
Blake Wesley;SAS;20;32;28;100;1.6;3.1;51.5;53.0;77.8;1.5;2.4;62.2;22.2;0.1;0.7;13.0
Danuel House Jr.;PHI;30;34;31;100;1.4;3.1;44.8;51.9;52.4;0.9;1.6;58.0;47.6;0.4;1.5;29.9
Thomas Bryant;MIA;26;24;19;100;1.8;3.1;58.1;58.1;94.6;1.8;2.9;61.3;5.4;0.0;0.2;0.0
Stanley Umude;DET;24;17;13;100;1.5;3.1;48.1;64.4;40.4;0.5;1.2;37.9;59.6;1.0;1.8;54.9
Luke Kornet;BOS;28;37;31;100;2.0;3.0;67.9;67.9;100;2.0;3.0;67.7;0.0;0.0;0.0;
Noah Clowney;BKN;19;6;5;100;1.8;3.0;61.1;63.9;77.8;1.7;2.3;71.7;22.2;0.2;0.7;25.4
Trey Jemison;MEM;24;7;4;100;1.4;3.0;47.6;47.6;100;1.4;3.0;47.7;0.0;0.0;0.0;
Trevelin Queen;ORL;26;12;11;100;1.2;3.0;38.9;43.1;55.6;0.9;1.7;55.1;44.4;0.3;1.3;18.8
Ben Sheppard;IND;22;31;24;100;1.1;3.0;36.6;45.7;33.3;0.6;1.0;55.0;66.7;0.6;2.0;27.5
JaVale McGee;SAC;36;39;35;100;1.9;3.0;62.9;62.9;96.6;1.9;2.9;65.2;3.4;0.0;0.1;0.0
James Bouknight;CHA;23;14;13;100;1.3;2.9;43.9;59.8;26.8;0.4;0.8;45.6;73.2;0.9;2.1;43.5
Justin Holiday;DEN;34;30;23;100;1.4;2.9;47.1;61.5;29.9;0.5;0.9;60.9;70.1;0.8;2.0;40.9
Omer Yurtseven;UTA;25;28;22;100;1.4;2.9;48.1;50.0;81.5;1.3;2.4;54.7;18.5;0.1;0.5;20.4
Jared Butler;WAS;23;17;14;100;1.6;2.9;57.1;67.3;53.1;1.1;1.5;69.3;46.9;0.6;1.4;43.7
Markieff Morris;DAL;34;17;16;100;0.9;2.9;32.7;42.9;38.8;0.3;1.1;31.2;61.2;0.6;1.8;33.5
Svi Mykhailiuk;BOS;26;22;18;100;0.9;2.9;33.3;46.0;17.5;0.2;0.5;46.0;82.5;0.7;2.4;30.9
Keon Ellis;SAC;24;31;24;100;1.2;2.8;43.2;58.5;18.2;0.3;0.5;67.3;81.8;0.9;2.3;37.5
Jeremiah Robinson-Earl;NOP;23;20;16;100;1.5;2.8;53.6;60.7;60.7;1.1;1.7;64.7;39.3;0.4;1.1;36.4
Devonte' Graham;SAS;28;10;10;100;1.1;2.8;39.3;51.8;28.6;0.4;0.8;50.0;71.4;0.7;2.0;35.0
DeAndre Jordan;DEN;35;27;25;100;1.7;2.8;62.7;62.7;100;1.7;2.8;62.6;0.0;0.0;0.0;;
Oshae Brissett;BOS;25;34;25;100;1.3;2.8;45.7;51.6;59.6;0.9;1.6;57.0;40.4;0.3;1.1;28.6
Gui Santos;GSW;21;11;10;100;1.3;2.7;46.7;51.7;63.3;1.0;1.7;57.8;36.7;0.3;1.0;27.0
Colby Jones;SAC;21;17;12;100;1.0;2.7;37.0;38.0;71.7;0.9;1.9;48.5;28.3;0.1;0.8;7.9
Rayan Rupert;POR;19;16;15;100;0.9;2.7;34.9;43.0;60.5;0.5;1.6;30.7;39.5;0.4;1.1;41.5
Patty Mills;ATL;35;19;15;100;1.0;2.7;37.3;50.0;33.3;0.3;0.9;36.0;66.7;0.7;1.8;38.0
Oscar Tshiebwe;IND;24;6;6;100;1.3;2.7;50.0;50.0;100;1.3;2.7;49.8;0.0;0.0;0.0;;
Orlando Robinson;MIA;23;23;13;100;1.4;2.6;50.8;56.6;78.7;1.0;2.1;49.8;21.3;0.3;0.6;52.6
Harry Giles III;BKN;25;16;12;100;1.3;2.6;50.0;53.6;73.8;1.1;1.9;58.2;26.2;0.2;0.7;27.5
Tristan Thompson;CLE;32;36;28;100;1.7;2.6;64.9;64.9;98.9;1.7;2.6;65.5;1.1;0.0;0.0;0.0
Dalano Banton;POR;24;25;21;100;1.0;2.6;36.9;39.2;67.7;0.8;1.8;47.7;32.3;0.1;0.8;14.3
Dereon Seabron;NOP;23;5;4;100;0.8;2.6;30.8;34.6;84.6;0.6;2.2;27.3;15.4;0.2;0.4;50.0
Garrison Mathews;ATL;27;37;32;100;1.2;2.6;46.9;67.7;8.3;0.1;0.2;63.6;91.7;1.1;2.4;45.4
Zeke Nnaji;DEN;23;37;33;100;1.2;2.6;44.8;47.4;81.3;1.0;2.1;48.8;18.8;0.1;0.5;28.6
Richaun Holmes;WAS;30;23;19;100;1.4;2.6;55.9;55.9;100;1.4;2.6;55.6;0.0;0.0;0.0;
Ish Wainright;POR;29;7;6;100;0.9;2.6;33.3;50.0;11.1;0.0;0.3;0.0;88.9;0.9;2.3;37.6
Bruno Fernando;ATL;25;16;13;100;1.4;2.6;56.1;56.1;92.7;1.4;2.4;60.5;7.3;0.0;0.2;0.0
Bol Bol;PHX;24;15;11;100;1.7;2.5;65.8;69.7;73.7;1.5;1.9;78.6;26.3;0.2;0.7;29.9
KJ Martin;PHI;23;38;28;100;1.3;2.5;52.1;54.2;81.3;1.2;2.0;59.0;18.8;0.1;0.5;23.4
Johnny Davis;WAS;21;23;17;100;1.0;2.5;41.4;43.1;87.9;1.0;2.2;43.2;12.1;0.1;0.3;30.0
Ryan Rollins;WAS;21;10;9;100;1.3;2.5;52.0;56.0;88.0;1.1;2.2;50.0;12.0;0.2;0.3;66.7
Luka Samanic;UTA;24;24;18;100;0.9;2.5;36.7;40.8;61.7;0.7;1.5;46.1;38.3;0.2;1.0;21.9
AJ Griffin;ATL;20;18;17;100;0.7;2.5;28.9;38.9;26.7;0.2;0.7;32.8;73.3;0.5;1.8;27.3
Emoni Bates;CLE;20;10;7;100;0.6;2.5;24.0;34.0;20.0;0.1;0.5;20.0;80.0;0.5;2.0;25.0
Dariq Whitehead;BKN;19;2;1;100;0.5;2.5;20.0;20.0;40.0;0.5;1.0;50.0;60.0;0.0;1.5;0.0
Jordan McLaughlin;MIN;27;30;22;100;1.0;2.5;40.5;52.0;43.2;0.4;1.1;40.2;56.8;0.6;1.4;40.7
Olivier-Maxence Prosper;DAL;21;28;23;100;0.9;2.5;34.8;40.6;52.2;0.6;1.3;44.2;47.8;0.3;1.2;24.6
Joe Harris;DET;32;16;13;100;0.9;2.4;35.9;48.7;23.1;0.3;0.6;44.6;76.9;0.6;1.9;33.5
Patrick Baldwin Jr.;WAS;21;17;14;100;0.9;2.4;39.0;51.2;46.3;0.3;1.1;31.2;53.7;0.6;1.3;45.7
Kenneth Lofton Jr.;PHI;21;17;14;100;0.9;2.4;36.6;40.2;70.7;0.7;1.7;41.5;29.3;0.2;0.7;25.4
Jock Landale;HOU;28;29;23;100;0.9;2.4;37.7;39.1;73.9;0.8;1.8;47.2;26.1;0.1;0.6;11.3
Cory Joseph;GSW;32;26;22;100;0.8;2.4;35.5;45.2;35.5;0.4;0.8;44.7;64.5;0.5;1.5;29.9
Lamar Stevens;MEM;26;19;14;100;1.1;2.4;46.7;50.0;82.2;0.9;1.9;48.7;17.8;0.2;0.4;38.1
Lindy Waters III;OKC;26;22;16;100;1.1;2.4;44.2;64.4;7.7;0.1;0.2;50.0;92.3;0.9;2.2;43.6
Trent Forrest;ATL;25;20;17;100;0.8;2.4;31.9;34.0;85.1;0.7;2.0;32.5;14.9;0.1;0.3;28.6
Moses Brown;POR;24;9;7;100;1.0;2.3;42.9;42.9;100;1.0;2.3;42.9;0.0;0.0;0.0;
Amari Bailey;CHA;19;3;3;100;0.7;2.3;28.6;28.6;57.1;0.7;1.3;50.4;42.9;0.0;1.0;0.0
Cole Swider;MIA;24;8;7;100;0.9;2.3;38.9;50.0;27.8;0.4;0.6;60.3;72.2;0.5;1.6;30.7
Sandro Mamukelashvili;SAS;24;28;21;100;0.9;2.2;41.9;48.4;46.8;0.6;1.0;61.5;53.2;0.3;1.2;24.6
Otto Porter Jr.;UTA;30;15;13;100;0.9;2.2;42.4;54.5;30.3;0.4;0.7;59.7;69.7;0.5;1.5;34.6
Jalen Hood-Schifino;LAL;20;15;13;100;0.5;2.2;24.2;25.8;66.7;0.5;1.5;32.0;33.3;0.1;0.7;9.6
Jaxson Hayes;LAL;23;42;32;100;1.5;2.2;69.6;69.6;94.6;1.5;2.1;73.4;5.4;0.0;0.1;0.0
Wesley Matthews;ATL;37;21;19;100;0.6;2.2;28.3;38.0;21.7;0.2;0.5;39.6;78.3;0.4;1.7;25.1
Dalen Terry;CHI;21;33;28;100;0.8;2.2;37.5;43.8;43.1;0.6;0.9;58.5;56.9;0.3;1.2;21.8
Furkan Korkmaz;PHI;26;35;28;100;0.9;2.2;39.5;48.7;47.4;0.5;1.0;44.7;52.6;0.4;1.1;35.1
Reggie Bullock Jr.;HOU;32;22;20;100;0.9;2.1;42.6;58.5;23.4;0.2;0.5;46.0;76.6;0.7;1.6;41.5
D'Moi Hodge;LAL;25;7;6;100;0.7;2.1;33.3;43.3;20.0;0.3;0.4;67.4;80.0;0.4;1.7;25.1
Charles Bassey;SAS;23;19;13;100;1.5;2.0;71.8;71.8;97.4;1.5;2.0;73.5;2.6;0.0;0.1;0.0
Dwight Powell;DAL;32;46;35;100;1.4;2.0;71.0;71.5;97.8;1.4;2.0;71.2;2.2;0.0;0.0;50.0
Boban Marjanovic;HOU;35;9;8;100;1.1;2.0;55.6;55.6;88.9;1.1;1.8;62.4;11.1;0.0;0.2;0.0
Ty Jerome;CLE;26;2;2;100;1.0;2.0;50.0;50.0;75.0;1.0;1.5;66.7;25.0;0.0;0.5;0.0
Saben Lee;PHX;24;11;10;100;0.8;2.0;40.9;40.9;77.3;0.8;1.6;52.9;22.7;0.0;0.5;0.0
Brandon Williams;DAL;24;10;9;100;0.8;2.0;40.0;45.0;70.0;0.6;1.4;42.9;30.0;0.2;0.6;33.3
R.J. Hampton;MIA;23;7;6;100;0.6;2.0;28.6;32.1;42.9;0.4;0.9;50.0;57.1;0.1;1.1;12.3
Jules Bernard;WAS;24;6;6;100;0.5;2.0;25.0;29.2;33.3;0.3;0.7;49.3;66.7;0.2;1.3;12.8
Kobe Bufkin;ATL;20;4;4;100;0.5;2.0;25.0;37.5;25.0;0.0;0.5;0.0;75.0;0.5;1.5;33.3
Andre Jackson Jr.;MIL;22;42;28;100;1.1;2.0;53.0;61.4;54.2;0.7;1.1;66.4;45.8;0.3;0.9;36.7
Davis Bertans;CHA;31;16;13;100;0.8;1.9;41.9;62.9;6.5;0.0;0.1;0.0;93.5;0.8;1.8;44.8
Luka Garza;MIN;25;12;9;100;0.8;1.9;43.5;47.8;69.6;0.7;1.3;50.4;30.4;0.2;0.6;29.3
Seth Lundy;ATL;23;9;9;100;0.4;1.9;23.5;32.4;23.5;0.1;0.4;25.0;76.5;0.3;1.4;22.9
Kobe Brown;LAC;24;31;26;100;0.7;1.9;36.2;44.8;37.9;0.3;0.7;49.3;62.1;0.3;1.2;27.6
Jared Rhoden;DET;24;6;4;100;1.0;1.8;54.5;59.1;63.6;0.8;1.2;70.9;36.4;0.2;0.7;25.4
Colin Castleton;LAL;23;5;5;100;1.2;1.8;66.7;66.7;100;1.2;1.8;66.7;0.0;0.0;0.0;
Moussa Diabate;LAC;22;10;7;100;0.9;1.8;50.0;50.0;100;0.9;1.8;50.0;0.0;0.0;0.0;
Charlie Brown Jr.;NYK;27;5;4;100;0.4;1.8;22.2;33.3;33.3;0.0;0.6;0.0;66.7;0.4;1.2;33.3
Frank Ntilikina;CHA;25;5;5;100;0.2;1.8;11.1;16.7;11.1;0.0;0.2;0.0;88.9;0.2;1.6;12.5
Leaky Black;CHA;24;22;16;100;0.8;1.8;43.6;52.6;61.5;0.5;1.1;41.3;38.5;0.3;0.7;47.1
Alex Len;SAC;30;20;15;100;1.1;1.8;62.9;62.9;91.4;1.1;1.6;68.8;8.6;0.0;0.1;0.0
Jalen Pickett;DEN;24;16;15;100;0.8;1.8;42.9;55.4;28.6;0.3;0.5;62.0;71.4;0.4;1.3;35.2
Jett Howard;ORL;20;11;10;100;0.6;1.7;36.8;47.4;26.3;0.3;0.5;60.0;73.7;0.4;1.3;28.3
Keyontae Johnson;OKC;23;7;5;100;0.6;1.7;33.3;37.5;83.3;0.4;1.4;30.1;16.7;0.1;0.3;48.3
Udoka Azubuike;PHX;24;13;8;100;1.2;1.7;72.7;72.7;100;1.2;1.7;72.8;0.0;0.0;0.0;
Collin Gillespie;DEN;24;16;11;100;0.8;1.7;48.1;55.6;48.1;0.6;0.8;69.1;51.9;0.3;0.9;28.4
Mamadi Diakite;SAS;27;3;2;100;1.3;1.7;80.0;80.0;100;1.3;1.7;79.6;0.0;0.0;0.0;
Leonard Miller;MIN;20;6;5;100;1.2;1.7;70.0;75.0;70.0;1.0;1.2;85.5;30.0;0.2;0.5;34.0
Taze Moore;POR;25;3;3;100;1.0;1.7;60.0;60.0;60.0;1.0;1.0;100;40.0;0.0;0.7;0.0
Lindell Wigginton;MIL;25;3;2;100;0.7;1.7;40.0;40.0;60.0;0.7;1.0;67.0;40.0;0.0;0.7;0.0
TyTy Washington Jr.;MIL;22;3;3;100;0.3;1.7;20.0;30.0;40.0;0.0;0.7;0.0;60.0;0.3;1.0;33.0
Anthony Gill;WAS;31;29;18;100;0.8;1.6;48.9;52.1;74.5;0.7;1.2;57.0;25.5;0.1;0.4;24.4
Aleksej Pokusevski;OKC;22;10;10;100;0.4;1.6;25.0;31.3;31.3;0.2;0.5;40.0;68.8;0.2;1.1;18.2
Daishen Nix;MIN;21;7;4;100;0.6;1.6;36.4;50.0;27.3;0.1;0.4;32.6;72.7;0.4;1.1;37.7
Terry Taylor;CHI;24;18;12;100;0.8;1.6;53.6;55.4;75.0;0.8;1.2;66.7;25.0;0.1;0.4;15.4
Julian Phillips;CHI;20;29;18;100;0.6;1.5;40.9;46.6;47.7;0.5;0.7;62.5;52.3;0.2;0.8;21.5
Olivier Sarr;OKC;24;12;6;100;0.8;1.5;55.6;61.1;66.7;0.7;1.0;67.0;33.3;0.2;0.5;34.0
Nate Hinton;HOU;24;10;7;100;0.7;1.5;46.7;63.3;46.7;0.2;0.7;28.6;53.3;0.5;0.8;62.5
Brice Sensabaugh;UTA;20;4;2;100;0.5;1.5;33.3;41.7;66.7;0.3;1.0;25.0;33.3;0.3;0.5;50.0
Javon Freeman-Liberty;TOR;24;2;1;100;0.5;1.5;33.3;33.3;100;0.5;1.5;33.3;0.0;0.0;0.0;
Alex Fudge;LAL;20;4;4;100;0.3;1.5;16.7;16.7;66.7;0.3;1.0;25.0;33.3;0.0;0.5;0.0
Johnny Juzang;UTA;22;2;2;100;0.0;1.5;0.0;0.0;0.0;0.0;0.0;;100;0.0;1.5;0.0
Cody Zeller;NOP;31;35;22;100;0.6;1.5;40.4;41.3;94.2;0.6;1.4;40.7;5.8;0.0;0.1;33.3
Kessler Edwards;SAC;23;35;19;100;0.6;1.4;42.9;55.1;36.7;0.3;0.5;51.0;63.3;0.3;0.9;38.2
Justin Minaya;POR;24;16;8;100;0.4;1.4;27.3;34.1;36.4;0.2;0.5;38.0;63.6;0.2;0.9;21.6
Taj Gibson;NYK;38;14;9;100;0.4;1.4;31.6;31.6;78.9;0.4;1.1;40.2;21.1;0.0;0.3;0.0
Isaiah Mobley;CLE;24;3;2;100;0.7;1.3;50.0;62.5;50.0;0.3;0.7;49.3;50.0;0.3;0.7;49.3
Greg Brown III;DAL;22;6;2;100;0.5;1.3;37.5;43.8;62.5;0.3;0.8;39.8;37.5;0.2;0.5;34.0
Josh Minott;MIN;21;16;13;100;0.6;1.3;47.6;50.0;71.4;0.6;0.9;59.6;28.6;0.1;0.4;15.8
Garrett Temple;TOR;37;16;13;100;0.5;1.3;38.1;42.9;57.1;0.4;0.8;50.7;42.9;0.1;0.6;23.2
Damian Jones;CLE;28;25;12;100;0.7;1.3;53.1;56.3;78.1;0.6;1.0;60.0;21.9;0.1;0.3;28.6
P.J. Tucker;LAC;38;15;10;100;0.4;1.3;31.6;44.7;15.8;0.1;0.2;35.0;84.2;0.3;1.1;30.8
Jordan Miller;LAC;24;4;3;100;0.8;1.3;60.0;70.0;80.0;0.5;1.0;50.0;20.0;0.3;0.3;100
Admiral Schofield;ORL;26;12;7;100;0.4;1.3;33.3;40.0;40.0;0.3;0.5;50.0;60.0;0.2;0.8;22.7
Kendall Brown;IND;20;5;2;100;0.6;1.2;50.0;50.0;83.3;0.6;1.0;60.0;16.7;0.0;0.2;0.0
Sidy Cissoko;SAS;19;5;3;100;0.2;1.2;16.7;16.7;33.3;0.2;0.4;50.0;66.7;0.0;0.8;0.0
Robin Lopez;MIL;35;16;9;100;0.4;1.2;36.8;42.1;57.9;0.3;0.7;44.9;42.1;0.1;0.5;26.0
Jordan Ford;SAC;25;6;4;100;0.7;1.2;57.1;71.4;57.1;0.3;0.7;49.3;42.9;0.3;0.5;66.0
Ibou Badji;POR;21;15;8;100;0.7;1.1;64.7;64.7;100;0.7;1.1;64.6;0.0;0.0;0.0;
Nathan Mensah;CHA;25;25;16;100;0.5;1.1;42.9;42.9;100;0.5;1.1;42.9;0.0;0.0;0.0;
DaQuan Jeffries;NYK;26;10;6;100;0.5;1.1;45.5;50.0;63.6;0.4;0.7;57.1;36.4;0.1;0.4;25.0
Juan Toscano-Anderson;SAC;30;11;6;100;0.3;1.1;25.0;29.2;66.7;0.2;0.7;24.7;33.3;0.1;0.4;25.0
Adama Sanogo;CHI;22;3;1;100;1.0;1.0;100;100;100;1.0;1.0;100;0.0;0.0;0.0;
Drew Peterson;BOS;24;1;1;100;1.0;1.0;100;150.0;0.0;0.0;0.0;;100;1.0;1.0;100
Jermaine Samuels Jr.;HOU;25;11;7;100;0.7;1.0;72.7;72.7;81.8;0.7;0.8;89.0;18.2;0.0;0.2;0.0
Dylan Windler;LAL;27;7;4;100;0.6;1.0;57.1;85.7;14.3;0.0;0.1;0.0;85.7;0.6;0.9;66.3
Xavier Moon;LAC;29;2;1;100;0.5;1.0;50.0;50.0;50.0;0.5;0.5;100;50.0;0.0;0.5;0.0
Hamidou Diallo;WAS;25;2;1;100;0.5;1.0;50.0;50.0;100;0.5;1.0;50.0;0.0;0.0;0.0;
Chris Livingston;MIL;20;14;9;100;0.5;1.0;50.0;53.6;92.9;0.4;0.9;46.2;7.1;0.1;0.1;100
James Johnson;IND;36;5;3;100;0.4;1.0;40.0;40.0;80.0;0.4;0.8;50.0;20.0;0.0;0.2;0.0
Braxton Key;DEN;26;14;8;100;0.4;1.0;35.7;39.3;71.4;0.3;0.7;40.8;28.6;0.1;0.3;24.1
Pete Nance;CLE;23;2;1;100;0.0;1.0;0.0;0.0;100;0.0;1.0;0.0;0.0;0.0;0.0;
Markquis Nowell;TOR;24;1;1;100;0.0;1.0;0.0;0.0;100;0.0;1.0;0.0;0.0;0.0;0.0;
Jerome Robinson;GSW;26;9;5;100;0.0;1.0;0.0;0.0;44.4;0.0;0.4;0.0;55.6;0.0;0.6;0.0
Danny Green;PHI;36;2;2;100;0.0;1.0;0.0;0.0;50.0;0.0;0.5;0.0;50.0;0.0;0.5;0.0
Thanasis Antetokounmpo;MIL;31;21;8;100;0.5;0.9;52.6;52.6;94.7;0.5;0.9;55.8;5.3;0.0;0.1;0.0
Jericho Sims;NYK;25;26;12;100;0.7;0.9;73.9;73.9;100;0.7;0.9;73.9;0.0;0.0;0.0;
Jay Huff;DEN;26;8;5;100;0.5;0.9;57.1;71.4;28.6;0.3;0.3;100;71.4;0.3;0.6;39.7
Hunter Tyson;DEN;23;9;4;100;0.1;0.8;14.3;14.3;14.3;0.1;0.1;100;85.7;0.0;0.7;0.0
E.J. Liddell;NOP;23;8;4;100;0.1;0.8;16.7;16.7;16.7;0.1;0.1;100;83.3;0.0;0.6;0.0
Wendell Moore Jr.;MIN;22;14;7;100;0.4;0.7;50.0;50.0;60.0;0.4;0.4;83.7;40.0;0.0;0.3;0.0
Filip Petrusev;SAC;23;3;1;100;0.3;0.7;50.0;50.0;100;0.3;0.7;49.3;0.0;0.0;0.0;
Shaquille Harrison;MEM;30;3;1;100;0.3;0.7;50.0;50.0;100;0.3;0.7;49.3;0.0;0.0;0.0;
Jordan Walsh;BOS;19;3;2;100;0.3;0.7;50.0;50.0;50.0;0.3;0.3;100;50.0;0.0;0.3;0.0
Jalen Slawson;SAC;24;5;1;100;0.4;0.6;66.7;66.7;66.7;0.4;0.4;100;33.3;0.0;0.2;0.0
Jacob Toppin;NYK;23;4;1;100;0.3;0.5;50.0;50.0;50.0;0.3;0.3;100;50.0;0.0;0.3;0.0
Usman Garuba;GSW;21;2;1;100;0.0;0.5;0.0;0.0;100;0.0;0.5;0.0;0.0;0.0;0.0
Dmytro Skapintsev;NYK;25;2;1;100;0.0;0.5;0.0;0.0;100;0.0;0.5;0.0;0.0;0.0;0.0
Mouhamed Gueye;ATL;21;2;1;100;0.0;0.5;0.0;0.0;0.0;0.0;0.0;;100;0.0;0.5;0.0
Micah Potter;UTA;25;2;1;100;0.0;0.5;0.0;0.0;0.0;0.0;0.0;;100;0.0;0.5;0.0
JD Davison;BOS;21;2;1;100;0.0;0.5;0.0;0.0;0.0;0.0;0.0;;100;0.0;0.5;0.0
Maxwell Lewis;LAL;21;17;7;100;0.1;0.5;25.0;25.0;87.5;0.1;0.4;29.3;12.5;0.0;0.1;0.0
Ryan Arcidiacono;NYK;29;20;5;100;0.0;0.3;0.0;0.0;0.0;0.0;0.0;;100;0.0;0.3;0.0